LOCATION,Country,INDICATOR,Indicator,MEASURE,Measure,INEQUALITY,Inequality,Unit Code,Unit,PowerCode Code,PowerCode,Reference Period Code,Reference Period,Value,Flag Codes,Flags
AUS,Australia,PS_FSAFEN,Feeling safe walking alone at night,L,Value,MN,Men,PC,Percentage,0,Units,,,81,,
AUT,Austria,PS_FSAFEN,Feeling safe walking alone at night,L,Value,MN,Men,PC,Percentage,0,Units,,,89,,
BEL,Belgium,PS_FSAFEN,Feeling safe walking alone at night,L,Value,MN,Men,PC,Percentage,0,Units,,,66,,
CAN,Canada,PS_FSAFEN,Feeling safe walking alone at night,L,Value,MN,Men,PC,Percentage,0,Units,,,88,,
CZE,Czech Republic,PS_FSAFEN,Feeling safe walking alone at night,L,Value,MN,Men,PC,Percentage,0,Units,,,88,,
DNK,Denmark,PS_FSAFEN,Feeling safe walking alone at night,L,Value,MN,Men,PC,Percentage,0,Units,,,94,,
FIN,Finland,PS_FSAFEN,Feeling safe walking alone at night,L,Value,MN,Men,PC,Percentage,0,Units,,,96,,
FRA,France,PS_FSAFEN,Feeling safe walking alone at night,L,Value,MN,Men,PC,Percentage,0,Units,,,78,,
DEU,Germany,PS_FSAFEN,Feeling safe walking alone at night,L,Value,MN,Men,PC,Percentage,0,Units,,,83,,
GRC,Greece,PS_FSAFEN,Feeling safe walking alone at night,L,Value,MN,Men,PC,Percentage,0,Units,,,79,,
HUN,Hungary,PS_FSAFEN,Feeling safe walking alone at night,L,Value,MN,Men,PC,Percentage,0,Units,,,83,,
ISL,Iceland,PS_FSAFEN,Feeling safe walking alone at night,L,Value,MN,Men,PC,Percentage,0,Units,,,93,,
IRL,Ireland,PS_FSAFEN,Feeling safe walking alone at night,L,Value,MN,Men,PC,Percentage,0,Units,,,86,,
ITA,Italy,PS_FSAFEN,Feeling safe walking alone at night,L,Value,MN,Men,PC,Percentage,0,Units,,,79,,
JPN,Japan,PS_FSAFEN,Feeling safe walking alone at night,L,Value,MN,Men,PC,Percentage,0,Units,,,85,,
KOR,Korea,PS_FSAFEN,Feeling safe walking alone at night,L,Value,MN,Men,PC,Percentage,0,Units,,,87,,
LUX,Luxembourg,PS_FSAFEN,Feeling safe walking alone at night,L,Value,MN,Men,PC,Percentage,0,Units,,,89,,
MEX,Mexico,PS_FSAFEN,Feeling safe walking alone at night,L,Value,MN,Men,PC,Percentage,0,Units,,,54,,
NLD,Netherlands,PS_FSAFEN,Feeling safe walking alone at night,L,Value,MN,Men,PC,Percentage,0,Units,,,95,,
NZL,New Zealand,PS_FSAFEN,Feeling safe walking alone at night,L,Value,MN,Men,PC,Percentage,0,Units,,,80,,
NOR,Norway,PS_FSAFEN,Feeling safe walking alone at night,L,Value,MN,Men,PC,Percentage,0,Units,,,98,,
POL,Poland,PS_FSAFEN,Feeling safe walking alone at night,L,Value,MN,Men,PC,Percentage,0,Units,,,80,,
PRT,Portugal,PS_FSAFEN,Feeling safe walking alone at night,L,Value,MN,Men,PC,Percentage,0,Units,,,92,,
SVK,Slovak Republic,PS_FSAFEN,Feeling safe walking alone at night,L,Value,MN,Men,PC,Percentage,0,Units,,,86,,
ESP,Spain,PS_FSAFEN,Feeling safe walking alone at night,L,Value,MN,Men,PC,Percentage,0,Units,,,86,,
SWE,Sweden,PS_FSAFEN,Feeling safe walking alone at night,L,Value,MN,Men,PC,Percentage,0,Units,,,90,,
CHE,Switzerland,PS_FSAFEN,Feeling safe walking alone at night,L,Value,MN,Men,PC,Percentage,0,Units,,,91,,
TUR,Türkiye,PS_FSAFEN,Feeling safe walking alone at night,L,Value,MN,Men,PC,Percentage,0,Units,,,72,,
GBR,United Kingdom,PS_FSAFEN,Feeling safe walking alone at night,L,Value,MN,Men,PC,Percentage,0,Units,,,80,,
USA,United States,PS_FSAFEN,Feeling safe walking alone at night,L,Value,MN,Men,PC,Percentage,0,Units,,,88,,
BRA,Brazil,PS_FSAFEN,Feeling safe walking alone at night,L,Value,MN,Men,PC,Percentage,0,Units,,,55,,
CHL,Chile,PS_FSAFEN,Feeling safe walking alone at night,L,Value,MN,Men,PC,Percentage,0,Units,,,53,,
EST,Estonia,PS_FSAFEN,Feeling safe walking alone at night,L,Value,MN,Men,PC,Percentage,0,Units,,,90,,
ISR,Israel,PS_FSAFEN,Feeling safe walking alone at night,L,Value,MN,Men,PC,Percentage,0,Units,,,83,,
LVA,Latvia,PS_FSAFEN,Feeling safe walking alone at night,L,Value,MN,Men,PC,Percentage,0,Units,,,87,,
RUS,Russia,PS_FSAFEN,Feeling safe walking alone at night,L,Value,MN,Men,PC,Percentage,0,Units,,,74,,
SVN,Slovenia,PS_FSAFEN,Feeling safe walking alone at night,L,Value,MN,Men,PC,Percentage,0,Units,,,95,,
ZAF,South Africa,PS_FSAFEN,Feeling safe walking alone at night,L,Value,MN,Men,PC,Percentage,0,Units,,,46,,
OECD,OECD - Total,PS_FSAFEN,Feeling safe walking alone at night,L,Value,MN,Men,PC,Percentage,0,Units,,,82,,
AUS,Australia,JE_EMPL,Employment rate,L,Value,MN,Men,PC,Percentage,0,Units,,,77,,
AUT,Austria,JE_EMPL,Employment rate,L,Value,MN,Men,PC,Percentage,0,Units,,,76,,
BEL,Belgium,JE_EMPL,Employment rate,L,Value,MN,Men,PC,Percentage,0,Units,,,68,,
CAN,Canada,JE_EMPL,Employment rate,L,Value,MN,Men,PC,Percentage,0,Units,,,73,,
CZE,Czech Republic,JE_EMPL,Employment rate,L,Value,MN,Men,PC,Percentage,0,Units,,,81,,
DNK,Denmark,JE_EMPL,Employment rate,L,Value,MN,Men,PC,Percentage,0,Units,,,77,,
FIN,Finland,JE_EMPL,Employment rate,L,Value,MN,Men,PC,Percentage,0,Units,,,74,,
FRA,France,JE_EMPL,Employment rate,L,Value,MN,Men,PC,Percentage,0,Units,,,68,,
DEU,Germany,JE_EMPL,Employment rate,L,Value,MN,Men,PC,Percentage,0,Units,,,80,,
GRC,Greece,JE_EMPL,Employment rate,L,Value,MN,Men,PC,Percentage,0,Units,,,65,,
HUN,Hungary,JE_EMPL,Employment rate,L,Value,MN,Men,PC,Percentage,0,Units,,,77,,
ISL,Iceland,JE_EMPL,Employment rate,L,Value,MN,Men,PC,Percentage,0,Units,,,80,,
IRL,Ireland,JE_EMPL,Employment rate,L,Value,MN,Men,PC,Percentage,0,Units,,,73,,
ITA,Italy,JE_EMPL,Employment rate,L,Value,MN,Men,PC,Percentage,0,Units,,,67,,
JPN,Japan,JE_EMPL,Employment rate,L,Value,MN,Men,PC,Percentage,0,Units,,,84,,
KOR,Korea,JE_EMPL,Employment rate,L,Value,MN,Men,PC,Percentage,0,Units,,,75,,
LUX,Luxembourg,JE_EMPL,Employment rate,L,Value,MN,Men,PC,Percentage,0,Units,,,70,,
MEX,Mexico,JE_EMPL,Employment rate,L,Value,MN,Men,PC,Percentage,0,Units,,,76,,
NLD,Netherlands,JE_EMPL,Employment rate,L,Value,MN,Men,PC,Percentage,0,Units,,,82,,
NZL,New Zealand,JE_EMPL,Employment rate,L,Value,MN,Men,PC,Percentage,0,Units,,,81,,
NOR,Norway,JE_EMPL,Employment rate,L,Value,MN,Men,PC,Percentage,0,Units,,,77,,
POL,Poland,JE_EMPL,Employment rate,L,Value,MN,Men,PC,Percentage,0,Units,,,76,,
PRT,Portugal,JE_EMPL,Employment rate,L,Value,MN,Men,PC,Percentage,0,Units,,,72,,
SVK,Slovak Republic,JE_EMPL,Employment rate,L,Value,MN,Men,PC,Percentage,0,Units,,,73,,
ESP,Spain,JE_EMPL,Employment rate,L,Value,MN,Men,PC,Percentage,0,Units,,,67,,
SWE,Sweden,JE_EMPL,Employment rate,L,Value,MN,Men,PC,Percentage,0,Units,,,77,,
CHE,Switzerland,JE_EMPL,Employment rate,L,Value,MN,Men,PC,Percentage,0,Units,,,84,,
TUR,Türkiye,JE_EMPL,Employment rate,L,Value,MN,Men,PC,Percentage,0,Units,,,65,,
GBR,United Kingdom,JE_EMPL,Employment rate,L,Value,MN,Men,PC,Percentage,0,Units,,,79,,
USA,United States,JE_EMPL,Employment rate,L,Value,MN,Men,PC,Percentage,0,Units,,,72,,
BRA,Brazil,JE_EMPL,Employment rate,L,Value,MN,Men,PC,Percentage,0,Units,,,67,,
CHL,Chile,JE_EMPL,Employment rate,L,Value,MN,Men,PC,Percentage,0,Units,,,65,,
EST,Estonia,JE_EMPL,Employment rate,L,Value,MN,Men,PC,Percentage,0,Units,,,76,,
ISR,Israel,JE_EMPL,Employment rate,L,Value,MN,Men,PC,Percentage,0,Units,,,69,,
LVA,Latvia,JE_EMPL,Employment rate,L,Value,MN,Men,PC,Percentage,0,Units,,,73,,
RUS,Russia,JE_EMPL,Employment rate,L,Value,MN,Men,PC,Percentage,0,Units,,,75,,
SVN,Slovenia,JE_EMPL,Employment rate,L,Value,MN,Men,PC,Percentage,0,Units,,,74,,
ZAF,South Africa,JE_EMPL,Employment rate,L,Value,MN,Men,PC,Percentage,0,Units,,,44,,
OECD,OECD - Total,JE_EMPL,Employment rate,L,Value,MN,Men,PC,Percentage,0,Units,,,74,,
AUS,Australia,JE_LTUR,Long-term unemployment rate,L,Value,MN,Men,PC,Percentage,0,Units,,,1,,
AUT,Austria,JE_LTUR,Long-term unemployment rate,L,Value,MN,Men,PC,Percentage,0,Units,,,1.5,,
BEL,Belgium,JE_LTUR,Long-term unemployment rate,L,Value,MN,Men,PC,Percentage,0,Units,,,2.5,,
CAN,Canada,JE_LTUR,Long-term unemployment rate,L,Value,MN,Men,PC,Percentage,0,Units,,,0.6,,
CZE,Czech Republic,JE_LTUR,Long-term unemployment rate,L,Value,MN,Men,PC,Percentage,0,Units,,,0.5,,
DNK,Denmark,JE_LTUR,Long-term unemployment rate,L,Value,MN,Men,PC,Percentage,0,Units,,,0.7,,
FIN,Finland,JE_LTUR,Long-term unemployment rate,L,Value,MN,Men,PC,Percentage,0,Units,,,1.3,,
FRA,France,JE_LTUR,Long-term unemployment rate,L,Value,MN,Men,PC,Percentage,0,Units,,,3,,
DEU,Germany,JE_LTUR,Long-term unemployment rate,L,Value,MN,Men,PC,Percentage,0,Units,,,1.4,,
GRC,Greece,JE_LTUR,Long-term unemployment rate,L,Value,MN,Men,PC,Percentage,0,Units,,,8.8,,
HUN,Hungary,JE_LTUR,Long-term unemployment rate,L,Value,MN,Men,PC,Percentage,0,Units,,,1.2,,
ISL,Iceland,JE_LTUR,Long-term unemployment rate,L,Value,MN,Men,PC,Percentage,0,Units,,,0.8,,
IRL,Ireland,JE_LTUR,Long-term unemployment rate,L,Value,MN,Men,PC,Percentage,0,Units,,,1.3,,
ITA,Italy,JE_LTUR,Long-term unemployment rate,L,Value,MN,Men,PC,Percentage,0,Units,,,4.4,,
JPN,Japan,JE_LTUR,Long-term unemployment rate,L,Value,MN,Men,PC,Percentage,0,Units,,,1,,
KOR,Korea,JE_LTUR,Long-term unemployment rate,L,Value,MN,Men,PC,Percentage,0,Units,,,0,,
LUX,Luxembourg,JE_LTUR,Long-term unemployment rate,L,Value,MN,Men,PC,Percentage,0,Units,,,1.6,,
MEX,Mexico,JE_LTUR,Long-term unemployment rate,L,Value,MN,Men,PC,Percentage,0,Units,,,0.1,,
NLD,Netherlands,JE_LTUR,Long-term unemployment rate,L,Value,MN,Men,PC,Percentage,0,Units,,,0.9,,
NZL,New Zealand,JE_LTUR,Long-term unemployment rate,L,Value,MN,Men,PC,Percentage,0,Units,,,0.4,,
NOR,Norway,JE_LTUR,Long-term unemployment rate,L,Value,MN,Men,PC,Percentage,0,Units,,,1,,
POL,Poland,JE_LTUR,Long-term unemployment rate,L,Value,MN,Men,PC,Percentage,0,Units,,,0.6,,
PRT,Portugal,JE_LTUR,Long-term unemployment rate,L,Value,MN,Men,PC,Percentage,0,Units,,,2.2,,
SVK,Slovak Republic,JE_LTUR,Long-term unemployment rate,L,Value,MN,Men,PC,Percentage,0,Units,,,3,,
ESP,Spain,JE_LTUR,Long-term unemployment rate,L,Value,MN,Men,PC,Percentage,0,Units,,,4.1,,
SWE,Sweden,JE_LTUR,Long-term unemployment rate,L,Value,MN,Men,PC,Percentage,0,Units,,,1,,
CHE,Switzerland,JE_LTUR,Long-term unemployment rate,L,Value,MN,Men,PC,Percentage,0,Units,,,1.6,,
TUR,Türkiye,JE_LTUR,Long-term unemployment rate,L,Value,MN,Men,PC,Percentage,0,Units,,,2.5,,
GBR,United Kingdom,JE_LTUR,Long-term unemployment rate,L,Value,MN,Men,PC,Percentage,0,Units,,,1.1,,
USA,United States,JE_LTUR,Long-term unemployment rate,L,Value,MN,Men,PC,Percentage,0,Units,,,0.5,,
EST,Estonia,JE_LTUR,Long-term unemployment rate,L,Value,MN,Men,PC,Percentage,0,Units,,,1.3,,
ISR,Israel,JE_LTUR,Long-term unemployment rate,L,Value,MN,Men,PC,Percentage,0,Units,,,0.2,,
LVA,Latvia,JE_LTUR,Long-term unemployment rate,L,Value,MN,Men,PC,Percentage,0,Units,,,2.7,,
RUS,Russia,JE_LTUR,Long-term unemployment rate,L,Value,MN,Men,PC,Percentage,0,Units,,,1.1,,
SVN,Slovenia,JE_LTUR,Long-term unemployment rate,L,Value,MN,Men,PC,Percentage,0,Units,,,1.5,,
ZAF,South Africa,JE_LTUR,Long-term unemployment rate,L,Value,MN,Men,PC,Percentage,0,Units,,,15.7,,
OECD,OECD - Total,JE_LTUR,Long-term unemployment rate,L,Value,MN,Men,PC,Percentage,0,Units,,,1.3,,
AUS,Australia,SC_SNTWS,Quality of support network,L,Value,MN,Men,PC,Percentage,0,Units,,,93,,
AUT,Austria,SC_SNTWS,Quality of support network,L,Value,MN,Men,PC,Percentage,0,Units,,,92,,
BEL,Belgium,SC_SNTWS,Quality of support network,L,Value,MN,Men,PC,Percentage,0,Units,,,92,,
CAN,Canada,SC_SNTWS,Quality of support network,L,Value,MN,Men,PC,Percentage,0,Units,,,93,,
CZE,Czech Republic,SC_SNTWS,Quality of support network,L,Value,MN,Men,PC,Percentage,0,Units,,,95,,
DNK,Denmark,SC_SNTWS,Quality of support network,L,Value,MN,Men,PC,Percentage,0,Units,,,93,,
FIN,Finland,SC_SNTWS,Quality of support network,L,Value,MN,Men,PC,Percentage,0,Units,,,94,,
FRA,France,SC_SNTWS,Quality of support network,L,Value,MN,Men,PC,Percentage,0,Units,,,92,,
DEU,Germany,SC_SNTWS,Quality of support network,L,Value,MN,Men,PC,Percentage,0,Units,,,91,,
GRC,Greece,SC_SNTWS,Quality of support network,L,Value,MN,Men,PC,Percentage,0,Units,,,77,,
HUN,Hungary,SC_SNTWS,Quality of support network,L,Value,MN,Men,PC,Percentage,0,Units,,,92,,
ISL,Iceland,SC_SNTWS,Quality of support network,L,Value,MN,Men,PC,Percentage,0,Units,,,99,,
IRL,Ireland,SC_SNTWS,Quality of support network,L,Value,MN,Men,PC,Percentage,0,Units,,,96,,
ITA,Italy,SC_SNTWS,Quality of support network,L,Value,MN,Men,PC,Percentage,0,Units,,,92,,
JPN,Japan,SC_SNTWS,Quality of support network,L,Value,MN,Men,PC,Percentage,0,Units,,,84,,
KOR,Korea,SC_SNTWS,Quality of support network,L,Value,MN,Men,PC,Percentage,0,Units,,,74,,
LUX,Luxembourg,SC_SNTWS,Quality of support network,L,Value,MN,Men,PC,Percentage,0,Units,,,91,,
MEX,Mexico,SC_SNTWS,Quality of support network,L,Value,MN,Men,PC,Percentage,0,Units,,,77,,
NLD,Netherlands,SC_SNTWS,Quality of support network,L,Value,MN,Men,PC,Percentage,0,Units,,,96,,
NZL,New Zealand,SC_SNTWS,Quality of support network,L,Value,MN,Men,PC,Percentage,0,Units,,,95,,
NOR,Norway,SC_SNTWS,Quality of support network,L,Value,MN,Men,PC,Percentage,0,Units,,,96,,
POL,Poland,SC_SNTWS,Quality of support network,L,Value,MN,Men,PC,Percentage,0,Units,,,93,,
PRT,Portugal,SC_SNTWS,Quality of support network,L,Value,MN,Men,PC,Percentage,0,Units,,,88,,
SVK,Slovak Republic,SC_SNTWS,Quality of support network,L,Value,MN,Men,PC,Percentage,0,Units,,,94,,
ESP,Spain,SC_SNTWS,Quality of support network,L,Value,MN,Men,PC,Percentage,0,Units,,,93,,
SWE,Sweden,SC_SNTWS,Quality of support network,L,Value,MN,Men,PC,Percentage,0,Units,,,94,,
CHE,Switzerland,SC_SNTWS,Quality of support network,L,Value,MN,Men,PC,Percentage,0,Units,,,93,,
TUR,Türkiye,SC_SNTWS,Quality of support network,L,Value,MN,Men,PC,Percentage,0,Units,,,82,,
GBR,United Kingdom,SC_SNTWS,Quality of support network,L,Value,MN,Men,PC,Percentage,0,Units,,,89,,
USA,United States,SC_SNTWS,Quality of support network,L,Value,MN,Men,PC,Percentage,0,Units,,,93,,
BRA,Brazil,SC_SNTWS,Quality of support network,L,Value,MN,Men,PC,Percentage,0,Units,,,86,,
CHL,Chile,SC_SNTWS,Quality of support network,L,Value,MN,Men,PC,Percentage,0,Units,,,88,,
EST,Estonia,SC_SNTWS,Quality of support network,L,Value,MN,Men,PC,Percentage,0,Units,,,93,,
ISR,Israel,SC_SNTWS,Quality of support network,L,Value,MN,Men,PC,Percentage,0,Units,,,95,,
LVA,Latvia,SC_SNTWS,Quality of support network,L,Value,MN,Men,PC,Percentage,0,Units,,,89,,
RUS,Russia,SC_SNTWS,Quality of support network,L,Value,MN,Men,PC,Percentage,0,Units,,,88,,
SVN,Slovenia,SC_SNTWS,Quality of support network,L,Value,MN,Men,PC,Percentage,0,Units,,,95,,
ZAF,South Africa,SC_SNTWS,Quality of support network,L,Value,MN,Men,PC,Percentage,0,Units,,,89,,
OECD,OECD - Total,SC_SNTWS,Quality of support network,L,Value,MN,Men,PC,Percentage,0,Units,,,90,,
AUS,Australia,ES_EDUA,Educational attainment,L,Value,MN,Men,PC,Percentage,0,Units,,,84,,
AUT,Austria,ES_EDUA,Educational attainment,L,Value,MN,Men,PC,Percentage,0,Units,,,88,,
BEL,Belgium,ES_EDUA,Educational attainment,L,Value,MN,Men,PC,Percentage,0,Units,,,78,,
CAN,Canada,ES_EDUA,Educational attainment,L,Value,MN,Men,PC,Percentage,0,Units,,,91,,
CZE,Czech Republic,ES_EDUA,Educational attainment,L,Value,MN,Men,PC,Percentage,0,Units,,,95,,
DNK,Denmark,ES_EDUA,Educational attainment,L,Value,MN,Men,PC,Percentage,0,Units,,,80,,
FIN,Finland,ES_EDUA,Educational attainment,L,Value,MN,Men,PC,Percentage,0,Units,,,89,,
FRA,France,ES_EDUA,Educational attainment,L,Value,MN,Men,PC,Percentage,0,Units,,,81,,
DEU,Germany,ES_EDUA,Educational attainment,L,Value,MN,Men,PC,Percentage,0,Units,,,87,,
GRC,Greece,ES_EDUA,Educational attainment,L,Value,MN,Men,PC,Percentage,0,Units,,,75,,
HUN,Hungary,ES_EDUA,Educational attainment,L,Value,MN,Men,PC,Percentage,0,Units,,,87,,
ISL,Iceland,ES_EDUA,Educational attainment,L,Value,MN,Men,PC,Percentage,0,Units,,,74,,
IRL,Ireland,ES_EDUA,Educational attainment,L,Value,MN,Men,PC,Percentage,0,Units,,,83,,
ITA,Italy,ES_EDUA,Educational attainment,L,Value,MN,Men,PC,Percentage,0,Units,,,61,,
KOR,Korea,ES_EDUA,Educational attainment,L,Value,MN,Men,PC,Percentage,0,Units,,,92,,
LUX,Luxembourg,ES_EDUA,Educational attainment,L,Value,MN,Men,PC,Percentage,0,Units,,,74,,
MEX,Mexico,ES_EDUA,Educational attainment,L,Value,MN,Men,PC,Percentage,0,Units,,,42,,
NLD,Netherlands,ES_EDUA,Educational attainment,L,Value,MN,Men,PC,Percentage,0,Units,,,81,,
NZL,New Zealand,ES_EDUA,Educational attainment,L,Value,MN,Men,PC,Percentage,0,Units,,,80,,
NOR,Norway,ES_EDUA,Educational attainment,L,Value,MN,Men,PC,Percentage,0,Units,,,82,,
POL,Poland,ES_EDUA,Educational attainment,L,Value,MN,Men,PC,Percentage,0,Units,,,93,,
PRT,Portugal,ES_EDUA,Educational attainment,L,Value,MN,Men,PC,Percentage,0,Units,,,52,,
SVK,Slovak Republic,ES_EDUA,Educational attainment,L,Value,MN,Men,PC,Percentage,0,Units,,,93,,
ESP,Spain,ES_EDUA,Educational attainment,L,Value,MN,Men,PC,Percentage,0,Units,,,60,,
SWE,Sweden,ES_EDUA,Educational attainment,L,Value,MN,Men,PC,Percentage,0,Units,,,83,,
CHE,Switzerland,ES_EDUA,Educational attainment,L,Value,MN,Men,PC,Percentage,0,Units,,,90,,
TUR,Türkiye,ES_EDUA,Educational attainment,L,Value,MN,Men,PC,Percentage,0,Units,,,45,,
GBR,United Kingdom,ES_EDUA,Educational attainment,L,Value,MN,Men,PC,Percentage,0,Units,,,81,,
USA,United States,ES_EDUA,Educational attainment,L,Value,MN,Men,PC,Percentage,0,Units,,,91,,
BRA,Brazil,ES_EDUA,Educational attainment,L,Value,MN,Men,PC,Percentage,0,Units,,,53,,
CHL,Chile,ES_EDUA,Educational attainment,L,Value,MN,Men,PC,Percentage,0,Units,,,67,,
EST,Estonia,ES_EDUA,Educational attainment,L,Value,MN,Men,PC,Percentage,0,Units,,,87,,
ISR,Israel,ES_EDUA,Educational attainment,L,Value,MN,Men,PC,Percentage,0,Units,,,87,,
LVA,Latvia,ES_EDUA,Educational attainment,L,Value,MN,Men,PC,Percentage,0,Units,,,86,,
RUS,Russia,ES_EDUA,Educational attainment,L,Value,MN,Men,PC,Percentage,0,Units,,,94,,
SVN,Slovenia,ES_EDUA,Educational attainment,L,Value,MN,Men,PC,Percentage,0,Units,,,91,,
ZAF,South Africa,ES_EDUA,Educational attainment,L,Value,MN,Men,PC,Percentage,0,Units,,,48,,
OECD,OECD - Total,ES_EDUA,Educational attainment,L,Value,MN,Men,PC,Percentage,0,Units,,,78,,
AUS,Australia,ES_STCS,Student skills,L,Value,MN,Men,AVSCORE,Average score,0,Units,,,495,,
AUT,Austria,ES_STCS,Student skills,L,Value,MN,Men,AVSCORE,Average score,0,Units,,,489,,
BEL,Belgium,ES_STCS,Student skills,L,Value,MN,Men,AVSCORE,Average score,0,Units,,,499,,
CAN,Canada,ES_STCS,Student skills,L,Value,MN,Men,AVSCORE,Average score,0,Units,,,512,,
CZE,Czech Republic,ES_STCS,Student skills,L,Value,MN,Men,AVSCORE,Average score,0,Units,,,490,,
DNK,Denmark,ES_STCS,Student skills,L,Value,MN,Men,AVSCORE,Average score,0,Units,,,496,,
FIN,Finland,ES_STCS,Student skills,L,Value,MN,Men,AVSCORE,Average score,0,Units,,,503,,
FRA,France,ES_STCS,Student skills,L,Value,MN,Men,AVSCORE,Average score,0,Units,,,490,,
DEU,Germany,ES_STCS,Student skills,L,Value,MN,Men,AVSCORE,Average score,0,Units,,,497,,
GRC,Greece,ES_STCS,Student skills,L,Value,MN,Men,AVSCORE,Average score,0,Units,,,445,,
HUN,Hungary,ES_STCS,Student skills,L,Value,MN,Men,AVSCORE,Average score,0,Units,,,477,,
ISL,Iceland,ES_STCS,Student skills,L,Value,MN,Men,AVSCORE,Average score,0,Units,,,472,,
IRL,Ireland,ES_STCS,Student skills,L,Value,MN,Men,AVSCORE,Average score,0,Units,,,501,,
ITA,Italy,ES_STCS,Student skills,L,Value,MN,Men,AVSCORE,Average score,0,Units,,,476,,
JPN,Japan,ES_STCS,Student skills,L,Value,MN,Men,AVSCORE,Average score,0,Units,,,519,,
KOR,Korea,ES_STCS,Student skills,L,Value,MN,Men,AVSCORE,Average score,0,Units,,,517,,
LUX,Luxembourg,ES_STCS,Student skills,L,Value,MN,Men,AVSCORE,Average score,0,Units,,,472,,
MEX,Mexico,ES_STCS,Student skills,L,Value,MN,Men,AVSCORE,Average score,0,Units,,,418,,
NLD,Netherlands,ES_STCS,Student skills,L,Value,MN,Men,AVSCORE,Average score,0,Units,,,497,,
NZL,New Zealand,ES_STCS,Student skills,L,Value,MN,Men,AVSCORE,Average score,0,Units,,,500,,
NOR,Norway,ES_STCS,Student skills,L,Value,MN,Men,AVSCORE,Average score,0,Units,,,486,,
POL,Poland,ES_STCS,Student skills,L,Value,MN,Men,AVSCORE,Average score,0,Units,,,508,,
PRT,Portugal,ES_STCS,Student skills,L,Value,MN,Men,AVSCORE,Average score,0,Units,,,490,,
SVK,Slovak Republic,ES_STCS,Student skills,L,Value,MN,Men,AVSCORE,Average score,0,Units,,,463,,
SWE,Sweden,ES_STCS,Student skills,L,Value,MN,Men,AVSCORE,Average score,0,Units,,,495,,
CHE,Switzerland,ES_STCS,Student skills,L,Value,MN,Men,AVSCORE,Average score,0,Units,,,494,,
TUR,Türkiye,ES_STCS,Student skills,L,Value,MN,Men,AVSCORE,Average score,0,Units,,,458,,
GBR,United Kingdom,ES_STCS,Student skills,L,Value,MN,Men,AVSCORE,Average score,0,Units,,,503,,
USA,United States,ES_STCS,Student skills,L,Value,MN,Men,AVSCORE,Average score,0,Units,,,493,,
BRA,Brazil,ES_STCS,Student skills,L,Value,MN,Men,AVSCORE,Average score,0,Units,,,397,,
CHL,Chile,ES_STCS,Student skills,L,Value,MN,Men,AVSCORE,Average score,0,Units,,,436,,
EST,Estonia,ES_STCS,Student skills,L,Value,MN,Men,AVSCORE,Average score,0,Units,,,521,,
ISR,Israel,ES_STCS,Student skills,L,Value,MN,Men,AVSCORE,Average score,0,Units,,,452,,
LVA,Latvia,ES_STCS,Student skills,L,Value,MN,Men,AVSCORE,Average score,0,Units,,,482,,
RUS,Russia,ES_STCS,Student skills,L,Value,MN,Men,AVSCORE,Average score,0,Units,,,478,,
SVN,Slovenia,ES_STCS,Student skills,L,Value,MN,Men,AVSCORE,Average score,0,Units,,,495,,
OECD,OECD - Total,ES_STCS,Student skills,L,Value,MN,Men,AVSCORE,Average score,0,Units,,,485,,
AUS,Australia,ES_EDUEX,Years in education,L,Value,MN,Men,YR,Years,0,Units,,,20,,
AUT,Austria,ES_EDUEX,Years in education,L,Value,MN,Men,YR,Years,0,Units,,,17,,
BEL,Belgium,ES_EDUEX,Years in education,L,Value,MN,Men,YR,Years,0,Units,,,19,,
CAN,Canada,ES_EDUEX,Years in education,L,Value,MN,Men,YR,Years,0,Units,,,17,,
CZE,Czech Republic,ES_EDUEX,Years in education,L,Value,MN,Men,YR,Years,0,Units,,,17,,
DNK,Denmark,ES_EDUEX,Years in education,L,Value,MN,Men,YR,Years,0,Units,,,19,,
FIN,Finland,ES_EDUEX,Years in education,L,Value,MN,Men,YR,Years,0,Units,,,19,,
FRA,France,ES_EDUEX,Years in education,L,Value,MN,Men,YR,Years,0,Units,,,16,,
DEU,Germany,ES_EDUEX,Years in education,L,Value,MN,Men,YR,Years,0,Units,,,18,,
GRC,Greece,ES_EDUEX,Years in education,L,Value,MN,Men,YR,Years,0,Units,,,19,,
HUN,Hungary,ES_EDUEX,Years in education,L,Value,MN,Men,YR,Years,0,Units,,,16,,
ISL,Iceland,ES_EDUEX,Years in education,L,Value,MN,Men,YR,Years,0,Units,,,18,,
IRL,Ireland,ES_EDUEX,Years in education,L,Value,MN,Men,YR,Years,0,Units,,,18,,
ITA,Italy,ES_EDUEX,Years in education,L,Value,MN,Men,YR,Years,0,Units,,,16,,
JPN,Japan,ES_EDUEX,Years in education,L,Value,MN,Men,YR,Years,0,Units,,,16,,
KOR,Korea,ES_EDUEX,Years in education,L,Value,MN,Men,YR,Years,0,Units,,,18,,
LUX,Luxembourg,ES_EDUEX,Years in education,L,Value,MN,Men,YR,Years,0,Units,,,15,,
MEX,Mexico,ES_EDUEX,Years in education,L,Value,MN,Men,YR,Years,0,Units,,,15,,
NLD,Netherlands,ES_EDUEX,Years in education,L,Value,MN,Men,YR,Years,0,Units,,,19,,
NZL,New Zealand,ES_EDUEX,Years in education,L,Value,MN,Men,YR,Years,0,Units,,,17,,
NOR,Norway,ES_EDUEX,Years in education,L,Value,MN,Men,YR,Years,0,Units,,,18,,
POL,Poland,ES_EDUEX,Years in education,L,Value,MN,Men,YR,Years,0,Units,,,17,,
PRT,Portugal,ES_EDUEX,Years in education,L,Value,MN,Men,YR,Years,0,Units,,,17,,
SVK,Slovak Republic,ES_EDUEX,Years in education,L,Value,MN,Men,YR,Years,0,Units,,,15,,
ESP,Spain,ES_EDUEX,Years in education,L,Value,MN,Men,YR,Years,0,Units,,,18,,
SWE,Sweden,ES_EDUEX,Years in education,L,Value,MN,Men,YR,Years,0,Units,,,19,,
CHE,Switzerland,ES_EDUEX,Years in education,L,Value,MN,Men,YR,Years,0,Units,,,18,,
TUR,Türkiye,ES_EDUEX,Years in education,L,Value,MN,Men,YR,Years,0,Units,,,19,,
GBR,United Kingdom,ES_EDUEX,Years in education,L,Value,MN,Men,YR,Years,0,Units,,,16,,
USA,United States,ES_EDUEX,Years in education,L,Value,MN,Men,YR,Years,0,Units,,,17,,
BRA,Brazil,ES_EDUEX,Years in education,L,Value,MN,Men,YR,Years,0,Units,,,16,,
CHL,Chile,ES_EDUEX,Years in education,L,Value,MN,Men,YR,Years,0,Units,,,17,,
EST,Estonia,ES_EDUEX,Years in education,L,Value,MN,Men,YR,Years,0,Units,,,17,,
ISR,Israel,ES_EDUEX,Years in education,L,Value,MN,Men,YR,Years,0,Units,,,15,,
LVA,Latvia,ES_EDUEX,Years in education,L,Value,MN,Men,YR,Years,0,Units,,,18,,
RUS,Russia,ES_EDUEX,Years in education,L,Value,MN,Men,YR,Years,0,Units,,,16,,
SVN,Slovenia,ES_EDUEX,Years in education,L,Value,MN,Men,YR,Years,0,Units,,,18,,
OECD,OECD - Total,ES_EDUEX,Years in education,L,Value,MN,Men,YR,Years,0,Units,,,17,,
AUS,Australia,EQ_WATER,Water quality,L,Value,MN,Men,PC,Percentage,0,Units,,,93,,
AUT,Austria,EQ_WATER,Water quality,L,Value,MN,Men,PC,Percentage,0,Units,,,91,,
BEL,Belgium,EQ_WATER,Water quality,L,Value,MN,Men,PC,Percentage,0,Units,,,81,,
CAN,Canada,EQ_WATER,Water quality,L,Value,MN,Men,PC,Percentage,0,Units,,,94,,
CZE,Czech Republic,EQ_WATER,Water quality,L,Value,MN,Men,PC,Percentage,0,Units,,,93,,
DNK,Denmark,EQ_WATER,Water quality,L,Value,MN,Men,PC,Percentage,0,Units,,,93,,
FIN,Finland,EQ_WATER,Water quality,L,Value,MN,Men,PC,Percentage,0,Units,,,96,,
FRA,France,EQ_WATER,Water quality,L,Value,MN,Men,PC,Percentage,0,Units,,,78,,
DEU,Germany,EQ_WATER,Water quality,L,Value,MN,Men,PC,Percentage,0,Units,,,90,,
GRC,Greece,EQ_WATER,Water quality,L,Value,MN,Men,PC,Percentage,0,Units,,,69,,
HUN,Hungary,EQ_WATER,Water quality,L,Value,MN,Men,PC,Percentage,0,Units,,,83,,
ISL,Iceland,EQ_WATER,Water quality,L,Value,MN,Men,PC,Percentage,0,Units,,,98,,
IRL,Ireland,EQ_WATER,Water quality,L,Value,MN,Men,PC,Percentage,0,Units,,,79,,
ITA,Italy,EQ_WATER,Water quality,L,Value,MN,Men,PC,Percentage,0,Units,,,73,,
JPN,Japan,EQ_WATER,Water quality,L,Value,MN,Men,PC,Percentage,0,Units,,,89,,
KOR,Korea,EQ_WATER,Water quality,L,Value,MN,Men,PC,Percentage,0,Units,,,80,,
LUX,Luxembourg,EQ_WATER,Water quality,L,Value,MN,Men,PC,Percentage,0,Units,,,85,,
MEX,Mexico,EQ_WATER,Water quality,L,Value,MN,Men,PC,Percentage,0,Units,,,78,,
NLD,Netherlands,EQ_WATER,Water quality,L,Value,MN,Men,PC,Percentage,0,Units,,,95,,
NZL,New Zealand,EQ_WATER,Water quality,L,Value,MN,Men,PC,Percentage,0,Units,,,85,,
NOR,Norway,EQ_WATER,Water quality,L,Value,MN,Men,PC,Percentage,0,Units,,,98,,
POL,Poland,EQ_WATER,Water quality,L,Value,MN,Men,PC,Percentage,0,Units,,,83,,
PRT,Portugal,EQ_WATER,Water quality,L,Value,MN,Men,PC,Percentage,0,Units,,,91,,
SVK,Slovak Republic,EQ_WATER,Water quality,L,Value,MN,Men,PC,Percentage,0,Units,,,83,,
ESP,Spain,EQ_WATER,Water quality,L,Value,MN,Men,PC,Percentage,0,Units,,,75,,
SWE,Sweden,EQ_WATER,Water quality,L,Value,MN,Men,PC,Percentage,0,Units,,,98,,
CHE,Switzerland,EQ_WATER,Water quality,L,Value,MN,Men,PC,Percentage,0,Units,,,96,,
TUR,Türkiye,EQ_WATER,Water quality,L,Value,MN,Men,PC,Percentage,0,Units,,,64,,
GBR,United Kingdom,EQ_WATER,Water quality,L,Value,MN,Men,PC,Percentage,0,Units,,,80,,
USA,United States,EQ_WATER,Water quality,L,Value,MN,Men,PC,Percentage,0,Units,,,90,,
BRA,Brazil,EQ_WATER,Water quality,L,Value,MN,Men,PC,Percentage,0,Units,,,70,,
CHL,Chile,EQ_WATER,Water quality,L,Value,MN,Men,PC,Percentage,0,Units,,,64,,
EST,Estonia,EQ_WATER,Water quality,L,Value,MN,Men,PC,Percentage,0,Units,,,86,,
ISR,Israel,EQ_WATER,Water quality,L,Value,MN,Men,PC,Percentage,0,Units,,,74,,
LVA,Latvia,EQ_WATER,Water quality,L,Value,MN,Men,PC,Percentage,0,Units,,,84,,
RUS,Russia,EQ_WATER,Water quality,L,Value,MN,Men,PC,Percentage,0,Units,,,64,,
SVN,Slovenia,EQ_WATER,Water quality,L,Value,MN,Men,PC,Percentage,0,Units,,,95,,
ZAF,South Africa,EQ_WATER,Water quality,L,Value,MN,Men,PC,Percentage,0,Units,,,71,,
OECD,OECD - Total,EQ_WATER,Water quality,L,Value,MN,Men,PC,Percentage,0,Units,,,85,,
AUS,Australia,HS_LEB,Life expectancy,L,Value,MN,Men,YR,Years,0,Units,,,80.9,,
AUT,Austria,HS_LEB,Life expectancy,L,Value,MN,Men,YR,Years,0,Units,,,79.7,,
BEL,Belgium,HS_LEB,Life expectancy,L,Value,MN,Men,YR,Years,0,Units,,,79.8,,
CAN,Canada,HS_LEB,Life expectancy,L,Value,MN,Men,YR,Years,0,Units,,,80,,
CZE,Czech Republic,HS_LEB,Life expectancy,L,Value,MN,Men,YR,Years,0,Units,,,76.4,,
DNK,Denmark,HS_LEB,Life expectancy,L,Value,MN,Men,YR,Years,0,Units,,,79.5,,
FIN,Finland,HS_LEB,Life expectancy,L,Value,MN,Men,YR,Years,0,Units,,,79.3,,
FRA,France,HS_LEB,Life expectancy,L,Value,MN,Men,YR,Years,0,Units,,,79.9,,
DEU,Germany,HS_LEB,Life expectancy,L,Value,MN,Men,YR,Years,0,Units,,,79,,
GRC,Greece,HS_LEB,Life expectancy,L,Value,MN,Men,YR,Years,0,Units,,,79.2,,
HUN,Hungary,HS_LEB,Life expectancy,L,Value,MN,Men,YR,Years,0,Units,,,73.1,,
ISL,Iceland,HS_LEB,Life expectancy,L,Value,MN,Men,YR,Years,0,Units,,,81.7,,
IRL,Ireland,HS_LEB,Life expectancy,L,Value,MN,Men,YR,Years,0,Units,,,80.8,,
ITA,Italy,HS_LEB,Life expectancy,L,Value,MN,Men,YR,Years,0,Units,,,81.4,,
JPN,Japan,HS_LEB,Life expectancy,L,Value,MN,Men,YR,Years,0,Units,,,81.4,,
KOR,Korea,HS_LEB,Life expectancy,L,Value,MN,Men,YR,Years,0,Units,,,80.3,,
LUX,Luxembourg,HS_LEB,Life expectancy,L,Value,MN,Men,YR,Years,0,Units,,,80.2,,
MEX,Mexico,HS_LEB,Life expectancy,L,Value,MN,Men,YR,Years,0,Units,,,72.2,,
NLD,Netherlands,HS_LEB,Life expectancy,L,Value,MN,Men,YR,Years,0,Units,,,80.6,,
NZL,New Zealand,HS_LEB,Life expectancy,L,Value,MN,Men,YR,Years,0,Units,,,80.3,,
NOR,Norway,HS_LEB,Life expectancy,L,Value,MN,Men,YR,Years,0,Units,,,81.3,,
POL,Poland,HS_LEB,Life expectancy,L,Value,MN,Men,YR,Years,0,Units,,,74.1,,
PRT,Portugal,HS_LEB,Life expectancy,L,Value,MN,Men,YR,Years,0,Units,,,78.7,,
SVK,Slovak Republic,HS_LEB,Life expectancy,L,Value,MN,Men,YR,Years,0,Units,,,74.3,,
ESP,Spain,HS_LEB,Life expectancy,L,Value,MN,Men,YR,Years,0,Units,,,81.1,,
SWE,Sweden,HS_LEB,Life expectancy,L,Value,MN,Men,YR,Years,0,Units,,,81.5,,
CHE,Switzerland,HS_LEB,Life expectancy,L,Value,MN,Men,YR,Years,0,Units,,,82.1,,
TUR,Türkiye,HS_LEB,Life expectancy,L,Value,MN,Men,YR,Years,0,Units,,,75.9,,
GBR,United Kingdom,HS_LEB,Life expectancy,L,Value,MN,Men,YR,Years,0,Units,,,79.4,,
USA,United States,HS_LEB,Life expectancy,L,Value,MN,Men,YR,Years,0,Units,,,76.3,,
BRA,Brazil,HS_LEB,Life expectancy,L,Value,MN,Men,YR,Years,0,Units,,,72.2,,
CHL,Chile,HS_LEB,Life expectancy,L,Value,MN,Men,YR,Years,0,Units,,,77.9,,
EST,Estonia,HS_LEB,Life expectancy,L,Value,MN,Men,YR,Years,0,Units,,,74.5,,
ISR,Israel,HS_LEB,Life expectancy,L,Value,MN,Men,YR,Years,0,Units,,,81,,
LVA,Latvia,HS_LEB,Life expectancy,L,Value,MN,Men,YR,Years,0,Units,,,70.9,,
RUS,Russia,HS_LEB,Life expectancy,L,Value,MN,Men,YR,Years,0,Units,,,68.2,,
SVN,Slovenia,HS_LEB,Life expectancy,L,Value,MN,Men,YR,Years,0,Units,,,78.7,,
ZAF,South Africa,HS_LEB,Life expectancy,L,Value,MN,Men,YR,Years,0,Units,,,60.7,,
OECD,OECD - Total,HS_LEB,Life expectancy,L,Value,MN,Men,YR,Years,0,Units,,,78.3,,
AUS,Australia,HS_SFRH,Self-reported health,L,Value,MN,Men,PC,Percentage,0,Units,,,85,,
AUT,Austria,HS_SFRH,Self-reported health,L,Value,MN,Men,PC,Percentage,0,Units,,,72,,
BEL,Belgium,HS_SFRH,Self-reported health,L,Value,MN,Men,PC,Percentage,0,Units,,,76,,
CAN,Canada,HS_SFRH,Self-reported health,L,Value,MN,Men,PC,Percentage,0,Units,,,90,,
CZE,Czech Republic,HS_SFRH,Self-reported health,L,Value,MN,Men,PC,Percentage,0,Units,,,64,,
DNK,Denmark,HS_SFRH,Self-reported health,L,Value,MN,Men,PC,Percentage,0,Units,,,72,,
FIN,Finland,HS_SFRH,Self-reported health,L,Value,MN,Men,PC,Percentage,0,Units,,,69,,
FRA,France,HS_SFRH,Self-reported health,L,Value,MN,Men,PC,Percentage,0,Units,,,69,,
DEU,Germany,HS_SFRH,Self-reported health,L,Value,MN,Men,PC,Percentage,0,Units,,,66,,
GRC,Greece,HS_SFRH,Self-reported health,L,Value,MN,Men,PC,Percentage,0,Units,,,81,,
HUN,Hungary,HS_SFRH,Self-reported health,L,Value,MN,Men,PC,Percentage,0,Units,,,62,,
ISL,Iceland,HS_SFRH,Self-reported health,L,Value,MN,Men,PC,Percentage,0,Units,,,81,,
IRL,Ireland,HS_SFRH,Self-reported health,L,Value,MN,Men,PC,Percentage,0,Units,,,84,,
ITA,Italy,HS_SFRH,Self-reported health,L,Value,MN,Men,PC,Percentage,0,Units,,,76,,
JPN,Japan,HS_SFRH,Self-reported health,L,Value,MN,Men,PC,Percentage,0,Units,,,38,,
KOR,Korea,HS_SFRH,Self-reported health,L,Value,MN,Men,PC,Percentage,0,Units,,,38,,
LUX,Luxembourg,HS_SFRH,Self-reported health,L,Value,MN,Men,PC,Percentage,0,Units,,,73,,
MEX,Mexico,HS_SFRH,Self-reported health,L,Value,MN,Men,PC,Percentage,0,Units,,,67,,
NLD,Netherlands,HS_SFRH,Self-reported health,L,Value,MN,Men,PC,Percentage,0,Units,,,77,,
NZL,New Zealand,HS_SFRH,Self-reported health,L,Value,MN,Men,PC,Percentage,0,Units,,,87,,
NOR,Norway,HS_SFRH,Self-reported health,L,Value,MN,Men,PC,Percentage,0,Units,,,76,,
POL,Poland,HS_SFRH,Self-reported health,L,Value,MN,Men,PC,Percentage,0,Units,,,63,,
PRT,Portugal,HS_SFRH,Self-reported health,L,Value,MN,Men,PC,Percentage,0,Units,,,55,,
SVK,Slovak Republic,HS_SFRH,Self-reported health,L,Value,MN,Men,PC,Percentage,0,Units,,,69,,
ESP,Spain,HS_SFRH,Self-reported health,L,Value,MN,Men,PC,Percentage,0,Units,,,78,,
SWE,Sweden,HS_SFRH,Self-reported health,L,Value,MN,Men,PC,Percentage,0,Units,,,79,,
CHE,Switzerland,HS_SFRH,Self-reported health,L,Value,MN,Men,PC,Percentage,0,Units,,,83,,
TUR,Türkiye,HS_SFRH,Self-reported health,L,Value,MN,Men,PC,Percentage,0,Units,,,72,,
GBR,United Kingdom,HS_SFRH,Self-reported health,L,Value,MN,Men,PC,Percentage,0,Units,,,74,,
USA,United States,HS_SFRH,Self-reported health,L,Value,MN,Men,PC,Percentage,0,Units,,,88,,
CHL,Chile,HS_SFRH,Self-reported health,L,Value,MN,Men,PC,Percentage,0,Units,,,64,,
EST,Estonia,HS_SFRH,Self-reported health,L,Value,MN,Men,PC,Percentage,0,Units,,,59,,
ISR,Israel,HS_SFRH,Self-reported health,L,Value,MN,Men,PC,Percentage,0,Units,,,75,,
LVA,Latvia,HS_SFRH,Self-reported health,L,Value,MN,Men,PC,Percentage,0,Units,,,53,,
RUS,Russia,HS_SFRH,Self-reported health,L,Value,MN,Men,PC,Percentage,0,Units,,,49,,
SVN,Slovenia,HS_SFRH,Self-reported health,L,Value,MN,Men,PC,Percentage,0,Units,,,70,,
OECD,OECD - Total,HS_SFRH,Self-reported health,L,Value,MN,Men,PC,Percentage,0,Units,,,71,,
AUS,Australia,SW_LIFS,Life satisfaction,L,Value,MN,Men,AVSCORE,Average score,0,Units,,,7.1,,
AUT,Austria,SW_LIFS,Life satisfaction,L,Value,MN,Men,AVSCORE,Average score,0,Units,,,7.1,,
BEL,Belgium,SW_LIFS,Life satisfaction,L,Value,MN,Men,AVSCORE,Average score,0,Units,,,6.9,,
CAN,Canada,SW_LIFS,Life satisfaction,L,Value,MN,Men,AVSCORE,Average score,0,Units,,,7,,
CZE,Czech Republic,SW_LIFS,Life satisfaction,L,Value,MN,Men,AVSCORE,Average score,0,Units,,,6.9,,
DNK,Denmark,SW_LIFS,Life satisfaction,L,Value,MN,Men,AVSCORE,Average score,0,Units,,,7.4,,
FIN,Finland,SW_LIFS,Life satisfaction,L,Value,MN,Men,AVSCORE,Average score,0,Units,,,7.7,,
FRA,France,SW_LIFS,Life satisfaction,L,Value,MN,Men,AVSCORE,Average score,0,Units,,,6.8,,
DEU,Germany,SW_LIFS,Life satisfaction,L,Value,MN,Men,AVSCORE,Average score,0,Units,,,7.4,,
GRC,Greece,SW_LIFS,Life satisfaction,L,Value,MN,Men,AVSCORE,Average score,0,Units,,,6,,
HUN,Hungary,SW_LIFS,Life satisfaction,L,Value,MN,Men,AVSCORE,Average score,0,Units,,,6.3,,
ISL,Iceland,SW_LIFS,Life satisfaction,L,Value,MN,Men,AVSCORE,Average score,0,Units,,,7.4,,
IRL,Ireland,SW_LIFS,Life satisfaction,L,Value,MN,Men,AVSCORE,Average score,0,Units,,,6.9,,
ITA,Italy,SW_LIFS,Life satisfaction,L,Value,MN,Men,AVSCORE,Average score,0,Units,,,6.4,,
JPN,Japan,SW_LIFS,Life satisfaction,L,Value,MN,Men,AVSCORE,Average score,0,Units,,,5.9,,
KOR,Korea,SW_LIFS,Life satisfaction,L,Value,MN,Men,AVSCORE,Average score,0,Units,,,5.4,,
LUX,Luxembourg,SW_LIFS,Life satisfaction,L,Value,MN,Men,AVSCORE,Average score,0,Units,,,7.4,,
MEX,Mexico,SW_LIFS,Life satisfaction,L,Value,MN,Men,AVSCORE,Average score,0,Units,,,6.3,,
NLD,Netherlands,SW_LIFS,Life satisfaction,L,Value,MN,Men,AVSCORE,Average score,0,Units,,,7.6,,
NZL,New Zealand,SW_LIFS,Life satisfaction,L,Value,MN,Men,AVSCORE,Average score,0,Units,,,7.1,,
NOR,Norway,SW_LIFS,Life satisfaction,L,Value,MN,Men,AVSCORE,Average score,0,Units,,,7.3,,
POL,Poland,SW_LIFS,Life satisfaction,L,Value,MN,Men,AVSCORE,Average score,0,Units,,,6.3,,
PRT,Portugal,SW_LIFS,Life satisfaction,L,Value,MN,Men,AVSCORE,Average score,0,Units,,,6,,
SVK,Slovak Republic,SW_LIFS,Life satisfaction,L,Value,MN,Men,AVSCORE,Average score,0,Units,,,6.5,,
ESP,Spain,SW_LIFS,Life satisfaction,L,Value,MN,Men,AVSCORE,Average score,0,Units,,,6.4,,
SWE,Sweden,SW_LIFS,Life satisfaction,L,Value,MN,Men,AVSCORE,Average score,0,Units,,,7.3,,
CHE,Switzerland,SW_LIFS,Life satisfaction,L,Value,MN,Men,AVSCORE,Average score,0,Units,,,7.5,,
TUR,Türkiye,SW_LIFS,Life satisfaction,L,Value,MN,Men,AVSCORE,Average score,0,Units,,,4.3,,
GBR,United Kingdom,SW_LIFS,Life satisfaction,L,Value,MN,Men,AVSCORE,Average score,0,Units,,,6.7,,
USA,United States,SW_LIFS,Life satisfaction,L,Value,MN,Men,AVSCORE,Average score,0,Units,,,7,,
BRA,Brazil,SW_LIFS,Life satisfaction,L,Value,MN,Men,AVSCORE,Average score,0,Units,,,6.2,,
CHL,Chile,SW_LIFS,Life satisfaction,L,Value,MN,Men,AVSCORE,Average score,0,Units,,,6.2,,
EST,Estonia,SW_LIFS,Life satisfaction,L,Value,MN,Men,AVSCORE,Average score,0,Units,,,6.3,,
ISR,Israel,SW_LIFS,Life satisfaction,L,Value,MN,Men,AVSCORE,Average score,0,Units,,,7.2,,
LVA,Latvia,SW_LIFS,Life satisfaction,L,Value,MN,Men,AVSCORE,Average score,0,Units,,,6.3,,
RUS,Russia,SW_LIFS,Life satisfaction,L,Value,MN,Men,AVSCORE,Average score,0,Units,,,5.3,,
SVN,Slovenia,SW_LIFS,Life satisfaction,L,Value,MN,Men,AVSCORE,Average score,0,Units,,,6.5,,
ZAF,South Africa,SW_LIFS,Life satisfaction,L,Value,MN,Men,AVSCORE,Average score,0,Units,,,4.9,,
OECD,OECD - Total,SW_LIFS,Life satisfaction,L,Value,MN,Men,AVSCORE,Average score,0,Units,,,6.7,,
AUS,Australia,PS_REPH,Homicide rate,L,Value,MN,Men,RATIO,Ratio,0,Units,,,1.3,,
AUT,Austria,PS_REPH,Homicide rate,L,Value,MN,Men,RATIO,Ratio,0,Units,,,0.5,,
BEL,Belgium,PS_REPH,Homicide rate,L,Value,MN,Men,RATIO,Ratio,0,Units,,,1.4,,
CAN,Canada,PS_REPH,Homicide rate,L,Value,MN,Men,RATIO,Ratio,0,Units,,,1.8,,
CZE,Czech Republic,PS_REPH,Homicide rate,L,Value,MN,Men,RATIO,Ratio,0,Units,,,0.8,,
DNK,Denmark,PS_REPH,Homicide rate,L,Value,MN,Men,RATIO,Ratio,0,Units,,,0.7,,
FIN,Finland,PS_REPH,Homicide rate,L,Value,MN,Men,RATIO,Ratio,0,Units,,,1.8,,
FRA,France,PS_REPH,Homicide rate,L,Value,MN,Men,RATIO,Ratio,0,Units,,,0.6,,
DEU,Germany,PS_REPH,Homicide rate,L,Value,MN,Men,RATIO,Ratio,0,Units,,,0.4,,
GRC,Greece,PS_REPH,Homicide rate,L,Value,MN,Men,RATIO,Ratio,0,Units,,,1.6,,
HUN,Hungary,PS_REPH,Homicide rate,L,Value,MN,Men,RATIO,Ratio,0,Units,,,1.1,,
ISL,Iceland,PS_REPH,Homicide rate,L,Value,MN,Men,RATIO,Ratio,0,Units,,,0.5,,
IRL,Ireland,PS_REPH,Homicide rate,L,Value,MN,Men,RATIO,Ratio,0,Units,,,0.8,,
ITA,Italy,PS_REPH,Homicide rate,L,Value,MN,Men,RATIO,Ratio,0,Units,,,0.7,,
JPN,Japan,PS_REPH,Homicide rate,L,Value,MN,Men,RATIO,Ratio,0,Units,,,0.2,,
KOR,Korea,PS_REPH,Homicide rate,L,Value,MN,Men,RATIO,Ratio,0,Units,,,0.9,,
LUX,Luxembourg,PS_REPH,Homicide rate,L,Value,MN,Men,RATIO,Ratio,0,Units,,,0.3,,
MEX,Mexico,PS_REPH,Homicide rate,L,Value,MN,Men,RATIO,Ratio,0,Units,,,50.5,,
NLD,Netherlands,PS_REPH,Homicide rate,L,Value,MN,Men,RATIO,Ratio,0,Units,,,0.8,,
NZL,New Zealand,PS_REPH,Homicide rate,L,Value,MN,Men,RATIO,Ratio,0,Units,,,1.6,,
NOR,Norway,PS_REPH,Homicide rate,L,Value,MN,Men,RATIO,Ratio,0,Units,,,0.7,,
POL,Poland,PS_REPH,Homicide rate,L,Value,MN,Men,RATIO,Ratio,0,Units,,,0.8,,
PRT,Portugal,PS_REPH,Homicide rate,L,Value,MN,Men,RATIO,Ratio,0,Units,,,1,,
SVK,Slovak Republic,PS_REPH,Homicide rate,L,Value,MN,Men,RATIO,Ratio,0,Units,,,1,,
ESP,Spain,PS_REPH,Homicide rate,L,Value,MN,Men,RATIO,Ratio,0,Units,,,0.9,,
SWE,Sweden,PS_REPH,Homicide rate,L,Value,MN,Men,RATIO,Ratio,0,Units,,,1.5,,
CHE,Switzerland,PS_REPH,Homicide rate,L,Value,MN,Men,RATIO,Ratio,0,Units,,,0.4,,
TUR,Türkiye,PS_REPH,Homicide rate,L,Value,MN,Men,RATIO,Ratio,0,Units,,,1.5,,
GBR,United Kingdom,PS_REPH,Homicide rate,L,Value,MN,Men,RATIO,Ratio,0,Units,,,0.2,,
USA,United States,PS_REPH,Homicide rate,L,Value,MN,Men,RATIO,Ratio,0,Units,,,9.5,,
BRA,Brazil,PS_REPH,Homicide rate,L,Value,MN,Men,RATIO,Ratio,0,Units,,,35.5,,
CHL,Chile,PS_REPH,Homicide rate,L,Value,MN,Men,RATIO,Ratio,0,Units,,,4.2,,
EST,Estonia,PS_REPH,Homicide rate,L,Value,MN,Men,RATIO,Ratio,0,Units,,,3.1,,
ISR,Israel,PS_REPH,Homicide rate,L,Value,MN,Men,RATIO,Ratio,0,Units,,,2.4,,
LVA,Latvia,PS_REPH,Homicide rate,L,Value,MN,Men,RATIO,Ratio,0,Units,,,5.8,,
RUS,Russia,PS_REPH,Homicide rate,L,Value,MN,Men,RATIO,Ratio,0,Units,,,7.7,,
SVN,Slovenia,PS_REPH,Homicide rate,L,Value,MN,Men,RATIO,Ratio,0,Units,,,0.5,,
ZAF,South Africa,PS_REPH,Homicide rate,L,Value,MN,Men,RATIO,Ratio,0,Units,,,24.7,,
OECD,OECD - Total,PS_REPH,Homicide rate,L,Value,MN,Men,RATIO,Ratio,0,Units,,,4.4,,
AUS,Australia,WL_EWLH,Employees working very long hours,L,Value,MN,Men,PC,Percentage,0,Units,,,18.5,,
AUT,Austria,WL_EWLH,Employees working very long hours,L,Value,MN,Men,PC,Percentage,0,Units,,,8.1,,
BEL,Belgium,WL_EWLH,Employees working very long hours,L,Value,MN,Men,PC,Percentage,0,Units,,,5.8,,
CAN,Canada,WL_EWLH,Employees working very long hours,L,Value,MN,Men,PC,Percentage,0,Units,,,5.3,,
CZE,Czech Republic,WL_EWLH,Employees working very long hours,L,Value,MN,Men,PC,Percentage,0,Units,,,6.7,,
DNK,Denmark,WL_EWLH,Employees working very long hours,L,Value,MN,Men,PC,Percentage,0,Units,,,2.1,,
FIN,Finland,WL_EWLH,Employees working very long hours,L,Value,MN,Men,PC,Percentage,0,Units,,,5.2,,
FRA,France,WL_EWLH,Employees working very long hours,L,Value,MN,Men,PC,Percentage,0,Units,,,10.2,,
DEU,Germany,WL_EWLH,Employees working very long hours,L,Value,MN,Men,PC,Percentage,0,Units,,,5.7,,
GRC,Greece,WL_EWLH,Employees working very long hours,L,Value,MN,Men,PC,Percentage,0,Units,,,6.1,,
HUN,Hungary,WL_EWLH,Employees working very long hours,L,Value,MN,Men,PC,Percentage,0,Units,,,2,,
ISL,Iceland,WL_EWLH,Employees working very long hours,L,Value,MN,Men,PC,Percentage,0,Units,,,17.9,,
IRL,Ireland,WL_EWLH,Employees working very long hours,L,Value,MN,Men,PC,Percentage,0,Units,,,7.8,,
ITA,Italy,WL_EWLH,Employees working very long hours,L,Value,MN,Men,PC,Percentage,0,Units,,,4.3,,
LUX,Luxembourg,WL_EWLH,Employees working very long hours,L,Value,MN,Men,PC,Percentage,0,Units,,,3.4,,
MEX,Mexico,WL_EWLH,Employees working very long hours,L,Value,MN,Men,PC,Percentage,0,Units,,,33,,
NLD,Netherlands,WL_EWLH,Employees working very long hours,L,Value,MN,Men,PC,Percentage,0,Units,,,0.6,,
NZL,New Zealand,WL_EWLH,Employees working very long hours,L,Value,MN,Men,PC,Percentage,0,Units,,,19.3,,
NOR,Norway,WL_EWLH,Employees working very long hours,L,Value,MN,Men,PC,Percentage,0,Units,,,2.1,,
POL,Poland,WL_EWLH,Employees working very long hours,L,Value,MN,Men,PC,Percentage,0,Units,,,6.7,,
PRT,Portugal,WL_EWLH,Employees working very long hours,L,Value,MN,Men,PC,Percentage,0,Units,,,8.1,,
SVK,Slovak Republic,WL_EWLH,Employees working very long hours,L,Value,MN,Men,PC,Percentage,0,Units,,,6.1,,
ESP,Spain,WL_EWLH,Employees working very long hours,L,Value,MN,Men,PC,Percentage,0,Units,,,3.5,,
SWE,Sweden,WL_EWLH,Employees working very long hours,L,Value,MN,Men,PC,Percentage,0,Units,,,1.3,,
CHE,Switzerland,WL_EWLH,Employees working very long hours,L,Value,MN,Men,PC,Percentage,0,Units,,,0.4,,
TUR,Türkiye,WL_EWLH,Employees working very long hours,L,Value,MN,Men,PC,Percentage,0,Units,,,27.2,,
GBR,United Kingdom,WL_EWLH,Employees working very long hours,L,Value,MN,Men,PC,Percentage,0,Units,,,15.3,,
USA,United States,WL_EWLH,Employees working very long hours,L,Value,MN,Men,PC,Percentage,0,Units,,,13.9,,
BRA,Brazil,WL_EWLH,Employees working very long hours,L,Value,MN,Men,PC,Percentage,0,Units,,,7.3,,
CHL,Chile,WL_EWLH,Employees working very long hours,L,Value,MN,Men,PC,Percentage,0,Units,,,9.6,,
EST,Estonia,WL_EWLH,Employees working very long hours,L,Value,MN,Men,PC,Percentage,0,Units,,,3,,
ISR,Israel,WL_EWLH,Employees working very long hours,L,Value,MN,Men,PC,Percentage,0,Units,,,21.5,,
LVA,Latvia,WL_EWLH,Employees working very long hours,L,Value,MN,Men,PC,Percentage,0,Units,,,2.4,,
RUS,Russia,WL_EWLH,Employees working very long hours,L,Value,MN,Men,PC,Percentage,0,Units,,,0.2,,
SVN,Slovenia,WL_EWLH,Employees working very long hours,L,Value,MN,Men,PC,Percentage,0,Units,,,7.9,,
ZAF,South Africa,WL_EWLH,Employees working very long hours,L,Value,MN,Men,PC,Percentage,0,Units,,,19.7,,
OECD,OECD - Total,WL_EWLH,Employees working very long hours,L,Value,MN,Men,PC,Percentage,0,Units,,,13.8,,
AUS,Australia,WL_TNOW,Time devoted to leisure and personal care,L,Value,MN,Men,HOUR,Hours,0,Units,,,14.8,,
AUT,Austria,WL_TNOW,Time devoted to leisure and personal care,L,Value,MN,Men,HOUR,Hours,0,Units,,,14.7,,
BEL,Belgium,WL_TNOW,Time devoted to leisure and personal care,L,Value,MN,Men,HOUR,Hours,0,Units,,,15.6,,
CAN,Canada,WL_TNOW,Time devoted to leisure and personal care,L,Value,MN,Men,HOUR,Hours,0,Units,,,14.6,,
FIN,Finland,WL_TNOW,Time devoted to leisure and personal care,L,Value,MN,Men,HOUR,Hours,0,Units,,,15.3,,
FRA,France,WL_TNOW,Time devoted to leisure and personal care,L,Value,MN,Men,HOUR,Hours,0,Units,,,16.4,,
DEU,Germany,WL_TNOW,Time devoted to leisure and personal care,L,Value,MN,Men,HOUR,Hours,0,Units,,,15.7,,
GRC,Greece,WL_TNOW,Time devoted to leisure and personal care,L,Value,MN,Men,HOUR,Hours,0,Units,,,15.4,,
HUN,Hungary,WL_TNOW,Time devoted to leisure and personal care,L,Value,MN,Men,HOUR,Hours,0,Units,,,15.5,,
IRL,Ireland,WL_TNOW,Time devoted to leisure and personal care,L,Value,MN,Men,HOUR,Hours,0,Units,,,14.6,,
ITA,Italy,WL_TNOW,Time devoted to leisure and personal care,L,Value,MN,Men,HOUR,Hours,0,Units,,,16.9,,
JPN,Japan,WL_TNOW,Time devoted to leisure and personal care,L,Value,MN,Men,HOUR,Hours,0,Units,,,14.2,,
KOR,Korea,WL_TNOW,Time devoted to leisure and personal care,L,Value,MN,Men,HOUR,Hours,0,Units,,,15.1,,
NLD,Netherlands,WL_TNOW,Time devoted to leisure and personal care,L,Value,MN,Men,HOUR,Hours,0,Units,,,15.4,,
NZL,New Zealand,WL_TNOW,Time devoted to leisure and personal care,L,Value,MN,Men,HOUR,Hours,0,Units,,,14.6,,
NOR,Norway,WL_TNOW,Time devoted to leisure and personal care,L,Value,MN,Men,HOUR,Hours,0,Units,,,15,,
POL,Poland,WL_TNOW,Time devoted to leisure and personal care,L,Value,MN,Men,HOUR,Hours,0,Units,,,14.9,,
ESP,Spain,WL_TNOW,Time devoted to leisure and personal care,L,Value,MN,Men,HOUR,Hours,0,Units,,,16.1,,
TUR,Türkiye,WL_TNOW,Time devoted to leisure and personal care,L,Value,MN,Men,HOUR,Hours,0,Units,,,14.8,,
GBR,United Kingdom,WL_TNOW,Time devoted to leisure and personal care,L,Value,MN,Men,HOUR,Hours,0,Units,,,15,,
USA,United States,WL_TNOW,Time devoted to leisure and personal care,L,Value,MN,Men,HOUR,Hours,0,Units,,,14.8,,
EST,Estonia,WL_TNOW,Time devoted to leisure and personal care,L,Value,MN,Men,HOUR,Hours,0,Units,,,15.4,,
OECD,OECD - Total,WL_TNOW,Time devoted to leisure and personal care,L,Value,MN,Men,HOUR,Hours,0,Units,,,15.2,,
COL,Colombia,PS_FSAFEN,Feeling safe walking alone at night,L,Value,MN,Men,PC,Percentage,0,Units,,,54,,
LTU,Lithuania,PS_FSAFEN,Feeling safe walking alone at night,L,Value,MN,Men,PC,Percentage,0,Units,,,69,,
COL,Colombia,JE_EMPL,Employment rate,L,Value,MN,Men,PC,Percentage,0,Units,,,71,,
LTU,Lithuania,JE_EMPL,Employment rate,L,Value,MN,Men,PC,Percentage,0,Units,,,72,,
COL,Colombia,JE_LTUR,Long-term unemployment rate,L,Value,MN,Men,PC,Percentage,0,Units,,,0.7,,
LTU,Lithuania,JE_LTUR,Long-term unemployment rate,L,Value,MN,Men,PC,Percentage,0,Units,,,2.5,,
COL,Colombia,SC_SNTWS,Quality of support network,L,Value,MN,Men,PC,Percentage,0,Units,,,76,,
LTU,Lithuania,SC_SNTWS,Quality of support network,L,Value,MN,Men,PC,Percentage,0,Units,,,89,,
COL,Colombia,ES_EDUA,Educational attainment,L,Value,MN,Men,PC,Percentage,0,Units,,,56,,
LTU,Lithuania,ES_EDUA,Educational attainment,L,Value,MN,Men,PC,Percentage,0,Units,,,91,,
COL,Colombia,ES_STCS,Student skills,L,Value,MN,Men,AVSCORE,Average score,0,Units,,,409,,
LTU,Lithuania,ES_STCS,Student skills,L,Value,MN,Men,AVSCORE,Average score,0,Units,,,472,,
COL,Colombia,ES_EDUEX,Years in education,L,Value,MN,Men,YR,Years,0,Units,,,14,,
LTU,Lithuania,ES_EDUEX,Years in education,L,Value,MN,Men,YR,Years,0,Units,,,18,,
COL,Colombia,EQ_WATER,Water quality,L,Value,MN,Men,PC,Percentage,0,Units,,,80,,
LTU,Lithuania,EQ_WATER,Water quality,L,Value,MN,Men,PC,Percentage,0,Units,,,85,,
COL,Colombia,HS_LEB,Life expectancy,L,Value,MN,Men,YR,Years,0,Units,,,73.5,,
LTU,Lithuania,HS_LEB,Life expectancy,L,Value,MN,Men,YR,Years,0,Units,,,71.6,,
COL,Colombia,HS_SFRH,Self-reported health,L,Value,MN,Men,PC,Percentage,0,Units,,,84,,
LTU,Lithuania,HS_SFRH,Self-reported health,L,Value,MN,Men,PC,Percentage,0,Units,,,52,,
COL,Colombia,SW_LIFS,Life satisfaction,L,Value,MN,Men,AVSCORE,Average score,0,Units,,,5.7,,
LTU,Lithuania,SW_LIFS,Life satisfaction,L,Value,MN,Men,AVSCORE,Average score,0,Units,,,6.6,,
COL,Colombia,PS_REPH,Homicide rate,L,Value,MN,Men,RATIO,Ratio,0,Units,,,43,,
LTU,Lithuania,PS_REPH,Homicide rate,L,Value,MN,Men,RATIO,Ratio,0,Units,,,4,,
COL,Colombia,WL_EWLH,Employees working very long hours,L,Value,MN,Men,PC,Percentage,0,Units,,,28.2,,
LTU,Lithuania,WL_EWLH,Employees working very long hours,L,Value,MN,Men,PC,Percentage,0,Units,,,1.1,,
CRI,Costa Rica,PS_FSAFEN,Feeling safe walking alone at night,L,Value,MN,Men,PC,Percentage,0,Units,,,59,,
CRI,Costa Rica,JE_EMPL,Employment rate,L,Value,MN,Men,PC,Percentage,0,Units,,,68,,
CRI,Costa Rica,JE_LTUR,Long-term unemployment rate,L,Value,MN,Men,PC,Percentage,0,Units,,,0.8,,
CRI,Costa Rica,SC_SNTWS,Quality of support network,L,Value,MN,Men,PC,Percentage,0,Units,,,80,,
CRI,Costa Rica,ES_EDUA,Educational attainment,L,Value,MN,Men,PC,Percentage,0,Units,,,41,,
CRI,Costa Rica,ES_STCS,Student skills,L,Value,MN,Men,AVSCORE,Average score,0,Units,,,417,,
CRI,Costa Rica,EQ_WATER,Water quality,L,Value,MN,Men,PC,Percentage,0,Units,,,90,,
CRI,Costa Rica,HS_LEB,Life expectancy,L,Value,MN,Men,YR,Years,0,Units,,,77.9,,
CRI,Costa Rica,HS_SFRH,Self-reported health,L,Value,MN,Men,PC,Percentage,0,Units,,,77,,
CRI,Costa Rica,SW_LIFS,Life satisfaction,L,Value,MN,Men,AVSCORE,Average score,0,Units,,,6.2,,
CRI,Costa Rica,PS_REPH,Homicide rate,L,Value,MN,Men,RATIO,Ratio,0,Units,,,18.2,,
CRI,Costa Rica,WL_EWLH,Employees working very long hours,L,Value,MN,Men,PC,Percentage,0,Units,,,27.9,,